{"_wandb":{"runtime":127},"train_loss":0.3752574824903864,"val_loss":0.3381581341816207,"val_IOU":0.44380262986583224,"_runtime":102.8170385,"epoch":0,"train_IOU":0.4711525894831143,"_step":0,"_timestamp":1.745943773392488e+09}