{"_wandb":{"runtime":0},"train_loss":0.08309944151555358,"train_IOU":0.8112340368420244,"val_IOU":0.600493544744233,"_runtime":0.9362602,"val_loss":0.21751718046301502,"epoch":19,"_timestamp":1.7459477952852015e+09,"_step":19}